진행률_pct,페니실린농도_P_mean,기질농도_S_mean,용존산소_DO2_mean,pH_mean,발효온도_T_mean,산소소비율_OUR_mean,염기투입유량_Fb_mean,냉난방수유량_Fc_mean,공기주입유량_Fg_mean,당공급유량_Fs_mean,산투입유량_Fa_mean,PAA투입유량_Fpaa_mean,페니실린농도_P_std,기질농도_S_std,용존산소_DO2_std,pH_std,발효온도_T_std,산소소비율_OUR_std,염기투입유량_Fb_std,냉난방수유량_Fc_std,공기주입유량_Fg_std,당공급유량_Fs_std,산투입유량_Fa_std,PAA투입유량_Fpaa_std
0.0,0.001,1.0627116666666667,14.688833333333333,6.521283333333334,297.695,-0.07609166666666668,7.239,0.0001,30.0,8.0,0.0,5.0,0.0,0.1527174546252727,0.05197248203510059,0.05737314751306192,0.06751543033509731,0.739656101969392,11.691966615301864,0.0,0.0,0.0,0.0,0.0
0.5,0.0009975919603316186,1.2735406487354526,14.595686293918794,6.514879851394475,297.9698112398709,-0.04803984767013273,13.274620184611868,66.56802243244931,30.0,8.0,0.08626,5.0,3.1261396705888047e-07,0.16520204332193464,0.06544842180807281,0.03197144170830348,0.028505394905549843,0.025389513751823377,11.101559604236718,16.972338361294682,0.0,0.0,0.19288322373913186,0.0
1.0,0.0009946806240145828,1.4739048584921806,14.44986096205465,6.49279555386961,297.9743813961039,0.013322530477716985,16.57371050311565,31.596763856332704,30.0,8.0,0.0,5.0,4.262126953385539e-07,0.1867787404119887,0.09372329765560508,0.01812233845038926,0.03318561673192971,0.030742890244945913,7.838590909598285,14.752412295592263,0.0,0.0,0.0,0.0
1.5,0.000991583570858285,1.6297186828433532,14.275097789480157,6.503636772574933,297.9949758593751,0.0832265082983309,18.73488168486582,24.197437918772227,30.0,13.833333333333334,0.0,5.0,6.465788720858143e-07,0.21779343860769965,0.13320582968893274,0.017099002659116597,0.026875424960871797,0.04700945511889915,9.463404537685552,14.09750569805349,0.0,2.6087459737497545,0.0,0.0
2.0,0.000988382625179008,1.8190679040537343,14.058257688798014,6.502054734882354,298.02433333333335,0.15998336626591644,27.424145659689614,29.391951096841307,30.0,15.0,0.0,5.0,8.21791106668968e-07,0.2648141186648624,0.18929665511998828,0.005402212402625533,0.025927248643504597,0.06635306750488801,10.178051596567729,11.389356347182488,0.0,0.0,0.0,0.0
2.5,0.0009851864377964793,1.9901084984599358,13.79214754536964,6.492384122420762,298.06005859375,0.2538815442997326,26.321036173803325,48.71990869453174,30.0,15.0,0.0,0.8333333333333334,1.0456801821401868e-06,0.33669095121446857,0.26269044998530866,0.012343794083532466,0.03576528134560978,0.08965027355498945,13.996390606461862,21.12608404720476,0.0,0.0,0.0,1.8633899812498245
3.0,0.0009818969602967927,2.035395242052921,13.453485132028156,6.504503151084417,298.109663125,0.3712885813241238,31.666423232068322,78.84803378459843,30.0,15.0,0.0,0.0,1.2630562094464926e-06,0.4397979027547544,0.35715636599927997,0.010524353196679498,0.05107393259280616,0.11598602773003235,3.9771684148580846,32.038245868259914,0.0,0.0,0.0,0.0
3.5,0.0009785762141463412,1.9257824932157241,13.103757008626303,6.49419706401489,298.13859375000004,0.4948541203976721,40.83869373805725,115.82988624156683,32.0,15.0,0.0,0.0,1.5470472156077167e-06,0.58566716692185,0.4594714727492176,0.005832344123991001,0.05701326771299841,0.148999301368908,12.216843184478183,48.4162372875958,4.47213595499958,0.0,0.0,0.0
4.0,0.0009750594651707069,1.6375191345155617,12.783823279009951,6.500311796825396,298.16512,0.585109870628926,45.53826987119439,155.8233173065893,40.0,15.0,0.0,0.0,1.8075781465345026e-06,0.7632764856002656,0.47252320447919977,0.009739952867298209,0.061393854198393605,0.15795337236829257,11.017391819873128,63.56432625671584,4.47213595499958,0.0,0.0,0.0
4.5,0.0009714735332157579,1.259779173698228,12.499236839836188,6.488539781573141,298.2576204404762,0.6598263558908403,53.47382325009618,202.25831938183583,42.0,15.0,0.0,0.0,2.2112329628046813e-06,0.743753125774469,0.5785502399763373,0.008135497380793187,0.15370273037557147,0.19255021724211288,29.55215848094149,80.28854345623166,0.0,0.0,0.0,0.0
5.0,0.0009676076864707884,0.7132407673767421,12.284486107465936,6.506785190976089,298.2145,0.7541398541228282,68.78211877706234,223.87876843619085,42.0,15.0,0.0,0.0,2.68053333311941e-06,0.7622831702894813,0.549753775126611,0.013889276367174571,0.0895856201258575,0.2082271692614441,34.35404357784521,125.37314068625565,0.0,0.0,0.0,0.0
5.5,0.0009645179074492383,0.33158701552695286,13.0931332240974,6.500066385029542,298.1494502228325,0.7043030385588417,54.33339032585814,234.2186346384964,42.0,27.5,0.08628999999999999,0.0,2.5108072558188936e-06,0.7081380688173139,0.26266447839685303,0.028073364126807377,0.1790997854439122,0.14571973685541,27.673052918982922,102.05649916628744,0.0,5.5901699437494745,0.19295030577845687,0.0
6.0,0.0009607153912553511,0.2402452963363516,12.992017021428572,6.487697870314434,298.07239371345025,0.6615244622584808,51.62204517293957,189.06334377553335,42.0,27.5,0.0,0.0,2.6109591293045227e-06,0.5127997587182423,0.40056463761269334,0.01953058657194828,0.07393785258954169,0.09191594421678245,45.6054500364125,77.52532227968793,0.0,5.5901699437494745,0.0,0.0
6.5,0.0009569589867555271,0.14239032242261054,12.927228850459684,6.508948825744144,298.21339200587505,0.7123279775411109,35.097318583469175,202.23121179131633,42.0,30.0,0.0,0.0,2.7124829019471658e-06,0.29638662008612915,0.29751951500950036,0.018728889766664106,0.27675093342292123,0.14845063806273603,22.186141946646813,88.82332602524768,0.0,0.0,0.0,0.0
7.0,0.0009540055804498792,0.02927039861784318,12.089943611477382,6.488011781509681,298.1313191813973,0.9298524330091492,58.81305575705608,174.57809228600914,42.0,37.5,0.0,0.0,2.8162720794758535e-06,0.013119764907140521,0.46710089889282685,0.030747422942338266,0.13435951779973151,0.1735301953232702,23.74820897765225,62.94157861385167,0.0,16.77050983124842,0.0,0.0
7.5,0.0009489806657622517,0.021032346982083578,11.725466223949892,6.504094314664273,298.17298611111113,1.0584908369706547,86.22971919787057,227.25684901521686,42.0,67.5,0.17328333333333334,0.0,3.542264419679883e-06,0.005400699567288289,0.7619590117163891,0.019097439947180148,0.07728855275684413,0.20321860726742147,45.99700026001357,51.27891796557059,0.0,16.77050983124842,0.38747331270108853,0.0
8.0,0.0009441080343132774,0.017254319914018188,11.462112982797793,6.510865992156862,298.13999999999993,1.110727848572811,72.34821267380477,188.32944218563375,42.0,67.5,0.0,0.0,4.7589830134880805e-06,0.004241393317937411,0.8620576417037239,0.01564998780680825,0.169312334656001,0.22972492655170393,28.066118935028722,84.30074118805456,0.0,16.77050983124842,0.0,0.0
8.5,0.0009392372903671821,0.01687603960709925,11.032399638690093,6.493154985558057,298.0594033993056,1.2272375738824504,73.7710438481044,216.80826945880918,42.0,75.0,0.0,0.0,5.016535397633674e-06,0.0036697014760942747,0.5785001983028097,0.006801510396672994,0.08712650256037521,0.11368570105412809,19.054241046259754,48.307225003706016,0.0,0.0,0.0,0.0
9.0,0.0009330681535090765,0.03474149911587863,9.881234472294308,6.439556912140223,298.2324582291667,1.6067075241620659,132.00006649893274,288.49183919445704,52.833333333333336,137.5,0.0,0.0,6.02541741113995e-06,0.008992290013450244,1.0292283795383979,0.03590993663353625,0.11084204961314131,0.27139671907180574,56.74079337257641,83.30770311165634,4.844813951249544,27.95084971874737,0.0,0.0
9.5,0.0009251169859633913,0.024097437866787776,9.544399450530952,6.418262397448893,298.1513475729167,1.7030750030769013,195.90016666666668,311.8459308044789,52.833333333333336,137.5,0.0,0.5613,7.667916258411247e-06,0.004343788394137296,1.0690356148477873,0.037957946140614165,0.08851017408283335,0.2868502526587282,65.06920546724764,103.07939274957516,4.844813951249544,27.95084971874737,0.0,0.8413550855613817
10.0,0.0009169115621650588,0.01856345334710459,9.239831453270556,6.414754042933811,298.1264791666667,1.761859852190847,197.467,328.33482251082256,52.833333333333336,137.5,0.0,2.5625916666666666,9.296341383191473e-06,0.0025896031283361856,1.1755216808498508,0.04859337145421846,0.14098944287950552,0.31417338226753083,61.56565962450172,131.02417497733327,4.844813951249544,27.95084971874737,0.0,2.473914655698647
10.5,0.024836090005632222,0.009659895728568317,11.441047183251115,6.4489615235984665,298.0478345458909,1.103270208933023,208.800035042813,392.89636967468863,55.0,110.0,0.0,3.891393166666667,0.02137571377422302,0.012842465331355227,0.5725525886012234,0.04291025847773422,0.23058808563263444,0.19447488811955901,35.56212963672216,136.9349027743092,0.0,56.568542494923804,0.0,2.760977880860356
11.0,0.14401568081574093,0.00710667232135321,12.141982778540623,6.536095774865044,298.288986349994,0.9988590645349529,96.55227220096133,332.7208892274244,55.0,50.0,0.43173999999999996,3.897933333333333,0.06703962382341407,0.01009831286106238,0.9553537315031732,0.05952916805623964,0.16661185770870485,0.27362276568416993,82.88461451588252,150.35452357005727,0.0,44.721359549995796,0.4650257068163006,1.887495477845944
11.5,0.2720424226730074,0.006076241855815983,11.971742964801768,6.466813624783111,298.15540395063914,1.026996974824234,91.57450959258954,265.5084832024219,55.0,50.0,0.0,3.621183333333333,0.12353815199573683,0.008056799939034772,1.0471874197526279,0.037507669081352606,0.1650432688257312,0.3121853012730325,60.11165132399932,140.01131510960144,0.0,44.721359549995796,0.0,1.7101861657108821
12.0,0.4053255570024376,0.005042734529771842,11.830901333333335,6.498455707103825,298.1934933333334,1.0496584,97.65960472368609,231.98020140999984,55.0,51.166666666666664,0.0,3.806483333333333,0.18286408456439862,0.005647826868437018,0.987545034859452,0.035765309936823336,0.3460623501946041,0.2922425179050213,85.00583862219068,162.69135895329023,0.0,44.27345580467927,0.0,1.7233644665949863
12.5,0.55481580341863,0.0027297692260967346,11.997959351980155,6.514955470968009,298.0099765625,0.9601019721185118,63.88424121440577,181.79037737131537,55.0,35.833333333333336,0.1726,4.423916666666667,0.20165710566665027,0.0001407472540095956,0.38741503468793026,0.03685015014673134,0.050897736238844235,0.1439997963880077,13.39832627362525,102.70416110340145,0.0,2.608745973749755,0.38594533291646377,0.9545842907022699
13.0,0.7125255450332469,0.0026624708356199657,12.148481928017356,6.490252534484857,298.1020755176768,0.9785491267463237,58.138266247778496,179.45928650722,55.0,35.833333333333336,0.0,5.0029,0.2160757875085528,0.00014839848036783828,0.6244947845344893,0.02564402705449846,0.2500256528342622,0.1353445550164297,41.78791753888224,124.19612086400022,0.0,2.608745973749755,0.0,0.2967331685763042
13.5,0.8798881024207708,0.00255975103117602,12.585427744585187,6.518182531218522,298.0223760061553,0.9971329966378621,66.21539511944137,151.36569086490468,55.0,35.833333333333336,0.0,5.190133333333333,0.23177695614208602,0.00011544589949464326,0.39548582581204417,0.02323595914741544,0.05027611320197421,0.14179350720681236,25.49714628369028,74.15862990800962,0.0,2.608745973749755,0.0,0.27768794036151834
14.0,1.0525335300425658,0.002752598574014276,12.251815703703704,6.48295013245151,298.16478,1.0747523985294116,49.78713408219272,139.87108759233067,55.0,37.833333333333336,0.0,5.189516666666667,0.24696748794195966,0.00017514014956438766,0.5111700373069993,0.021719310802875782,0.19488520210627194,0.16612461541539164,18.26091883501734,104.70422787223039,0.0,4.412734098291242,0.0,0.23377187182284265
14.5,1.2212293127492435,0.002723952879586246,12.142399644105433,6.5111450188791835,298.02987847098217,1.0964101698750934,71.7964015032354,145.16605947855513,55.0,42.0,0.0,5.13595,0.26658776582289806,0.00016459057220013202,0.44810954280756776,0.015343667930064022,0.06090614777464404,0.13476205340229244,38.2285123767218,55.46334560374194,0.0,2.23606797749979,0.0,0.4984155654003326
15.0,1.4031681418652537,0.0025732123203851065,12.044582012601927,6.49831448459539,297.98973958333335,1.090389853647358,54.63148430498378,131.30074868491718,55.0,42.0,0.0,5.3749,0.2877365956033971,0.00016743409126782012,0.4758703454746896,0.01802893269523225,0.03121373764122179,0.13315060618672042,16.376862266590816,46.95823490536085,0.0,2.23606797749979,0.0,0.47506668303863764
15.5,1.5958312647862114,0.0025055989432964756,12.058161208251372,6.501548166909866,297.998909140625,1.1143387808779763,57.512408825694116,129.73394830633592,55.0,42.666666666666664,0.0,5.6895999999999995,0.3099480220239076,0.00014382885201725493,0.6451221083215144,0.018799038521538428,0.038890882212510615,0.131964850845832,16.453182971308326,44.97203014176446,0.0,2.924988129130708,0.0,0.3665910619023145
16.0,1.791227872559853,0.0025357044527131787,11.891607167277165,6.49871839046854,298.113,1.1317869602094242,65.54542363636365,147.55708925847412,55.0,45.333333333333336,0.0,5.800883333333334,0.32868454701892963,0.00011616600175851644,0.7247950112885149,0.009467801644436603,0.245190402204773,0.14389533708457455,31.841205995344207,87.6298768676206,0.0,3.72677996249965,0.0,0.32035848366409087
16.5,1.9903003946007851,0.0025260239345049093,11.721909522952735,6.509276792839629,298.0352447916666,1.157344286230657,55.628277150577844,134.35977277826728,55.0,46.333333333333336,0.0,5.833483333333334,0.35126924119021247,0.0001691102073598434,0.7065298037613705,0.00981133364662433,0.06215228383281961,0.12647147575095632,15.438376943949342,55.75706064006386,0.0,1.4907119849998596,0.0,0.3389653542604154
17.0,2.199891770118056,0.0023878230988933977,11.618899905672611,6.494971391015375,298.020163125,1.1709413443798733,54.46321671344152,134.079191024236,55.0,46.333333333333336,0.0,5.999416666666666,0.3723839318136894,0.00016531041818892818,0.7595801710800804,0.0052634348862546365,0.03640335559845282,0.1424849089062645,11.785106480092784,51.54913476322191,0.0,1.4907119849998596,0.0,0.3770605495879348
17.5,2.41662007184252,0.002497930483042391,12.91244259020174,6.5035960715892935,298.13817074424344,1.1971866036146739,55.24286061175891,113.84390289132354,59.166666666666664,49.666666666666664,0.0,6.21865,0.3929513044191948,0.00019030363152716404,0.4997025819029486,0.005396361391377995,0.26738560106122117,0.13260245040727772,17.81326449013652,19.330898412468006,1.8633899812498251,2.98142396999972,0.0,0.34568305208673444
18.0,2.6370910622202057,0.002347110184581828,12.84425290689655,6.500525142718715,298.03000000000003,1.19111919241244,57.22614903084809,140.7929022760791,59.166666666666664,49.666666666666664,0.0,6.3247,0.41411135863649257,0.0001669923144599513,0.5186817500875263,0.001898552731918346,0.05099019513592235,0.14805037889238923,11.595056609816242,54.22633157799016,1.8633899812498251,2.98142396999972,0.0,0.33317616461365707
18.5,2.865667856582442,0.002330355410608002,12.693424412895673,6.496478678447606,298.00105794270837,1.213658289153097,60.93232768487078,132.79180431472295,59.166666666666664,50.333333333333336,0.0,6.486133333333334,0.4368809310076002,0.00017295107722555185,0.565618888977339,0.007685793725403232,0.023479027924547632,0.13666795085110578,22.688258985618962,46.47037819021709,1.8633899812498251,1.4907119849998596,0.0,0.339078219425679
19.0,3.099268349070405,0.00229699559221819,12.559086904537653,6.50424990140801,298.10111073369563,1.2278922502270906,65.9424608169405,125.78051381409672,59.166666666666664,51.333333333333336,0.0,6.654783333333334,0.4612364180185427,9.549467332239723e-05,0.5041675431517748,0.0070513174609588645,0.24600756418419414,0.12955046953194368,21.52123781312661,39.11348840020693,1.8633899812498251,2.924988129130708,0.0,0.419670844895801
19.5,3.332312158999123,0.0023764472699573185,12.29355391056314,6.4957867988850095,298.041630435606,1.283770218377004,63.66880878068857,143.1061430034131,59.166666666666664,55.333333333333336,0.0,6.756483333333333,0.4810825027733793,9.488114190927874e-05,0.5371777962967261,0.005454781762947385,0.07429875292961884,0.15336816137301512,20.206665720487738,58.459428839044286,1.8633899812498251,3.72677996249965,0.0,0.3550180343619494
20.0,3.5739666666666667,0.0022555166666666667,12.229500000000002,6.504933333333334,298.05833333333334,1.2873333333333334,68.53366666666666,115.976,59.166666666666664,55.333333333333336,0.0,6.916683333333332,0.500920158863222,7.499011971957064e-05,0.5018614516643681,0.006673246752684793,0.1449616807604245,0.15588703887395164,20.526614785579124,56.909038705053995,1.8633899812498251,3.72677996249965,0.0,0.3098459155594744
20.5,3.8205592372073904,0.0022847981096344723,12.34180781927215,6.497585956621159,298.009923515625,1.3148879707865795,67.49848368863734,125.2309884113547,60.0,56.0,0.0,7.025949999999999,0.5221413638929019,0.00011742865515291456,0.8107113816271274,0.0045822533551598855,0.035210383745209635,0.1633155551663529,16.541741452020776,39.453309141887196,0.0,2.23606797749979,0.0,0.3348873678816009
21.0,4.070971722632657,0.002299059230036596,12.153363263993327,6.500674362771091,298.0429894905462,1.3517675545428773,73.63980731948935,136.8810663867821,60.0,59.333333333333336,0.0,7.122766666666666,0.5430883669038146,7.42982949150025e-05,0.8559791663757723,0.006848143443249171,0.06079674481164805,0.16400691965223915,25.30555433513449,51.63688527840276,0.0,3.72677996249965,0.0,0.3580476442536043
21.5,4.32349302863875,0.0021692276724696565,12.320707658112715,6.498111396215286,298.0424444339364,1.3023043613820775,76.83696757098775,127.46801886116454,60.0,59.333333333333336,0.0,7.245383333333333,0.5619696268479775,8.552503312867609e-05,1.037632145589112,0.006187545567103565,0.06064039330014721,0.1707880446410698,28.237112901985988,47.60218289353866,0.0,3.72677996249965,0.0,0.3263914389025682
22.0,4.560173257189542,0.0020876324866468455,13.310836444485469,6.498170589732804,298.18627352657,1.0650066888060257,85.22425487671715,152.23483161869197,60.0,59.333333333333336,0.0,7.142616666666666,0.570426326712251,5.293672109903227e-05,0.485425900605236,0.005926968526352349,0.21853763243258278,0.12138998947983662,35.902358941906414,113.16616004851605,0.0,3.72677996249965,0.0,0.24139411354785661
22.5,4.785483370502396,0.00210333537064702,13.31285956930634,6.504041960372799,298.11747883841036,1.0930090847860081,85.86716089649455,79.41403932046866,60.0,61.0,0.0,6.999616666666667,0.5743648075834812,0.00013569995307210117,0.4217974615577496,0.003345157608267418,0.13536768351681905,0.1388890926544801,35.874472790122795,59.99765233835585,0.0,2.309401076758503,0.0,0.12268686993951514
23.0,5.00995324163151,0.0020963483266722197,13.294137159242505,6.498487243227221,298.01371439930557,1.1310783735350316,85.27100268053418,79.26758484325494,60.0,63.666666666666664,0.0,7.14525,0.5755649009242582,0.00012345872101903713,0.4667856580180626,0.001987528776186023,0.03788937071265914,0.10151403556039926,34.41421418638316,69.16274046259865,0.0,2.98142396999972,0.0,0.13847232876402896
23.5,5.235595729327794,0.0020401191316718158,13.36608431478639,6.499885415689595,298.0372730654762,1.146725073285095,93.59891977384531,49.43191799047542,60.0,63.666666666666664,0.0,7.341650000000001,0.5749504692400444,0.00013513966108122513,0.46521367061401137,0.007492726224887363,0.15563859354512116,0.09232508713074063,41.1937229069108,52.26440854468453,0.0,2.98142396999972,0.0,0.2330202548420774
24.0,5.462293721442872,0.0019821824,13.421813333333333,6.498616013333334,297.99333333333334,1.1685388,96.3189977931034,58.31397282344816,60.0,64.83333333333333,0.0,7.384383333333333,0.5736075237469958,0.0001367242443343533,0.4524585147342839,0.002722691217812716,0.022110831935666844,0.0824041478357331,51.41421808613428,62.224681864558384,0.0,4.336537277085896,0.0,0.2944771491795058
24.5,5.688948688079333,0.00214373011421709,13.279283111292022,6.501739848557139,298.0244250260417,1.2446184108092184,99.11522746687154,63.25984658030447,60.0,70.16666666666667,0.0,7.43065,0.5713827467192938,0.00022075221978414252,0.553451344048501,0.007700788321981575,0.043760505026035096,0.06440481982183169,41.58328300717552,70.82777738278976,0.0,4.099457958749615,0.0,0.26824594902191284
25.0,5.915343099830534,0.0020538848371359254,13.364662239474882,6.505489649368198,298.02833333333336,1.2573294071953318,94.98153700275799,73.92561828404557,60.0,70.16666666666667,0.0,7.608583333333333,0.568690835111289,0.0002083466248764233,0.5653692689015216,0.005960453022724608,0.06335525936249999,0.06605264532930491,33.886943773924415,86.4795573524676,0.0,4.099457958749615,0.0,0.23476672405224353
25.5,6.137253889627151,0.001966262276510074,13.675949103537206,6.502745478852476,298.04514057291664,1.2143389757801721,88.57892087721568,75.56433875314089,60.0,70.16666666666667,0.0,7.69895,0.5811504787141702,0.0001734737487287559,0.540630320107075,0.009544088298939704,0.1331929923138188,0.15708074577024128,26.254926043695974,98.75067730434273,0.0,4.099457958749615,0.0,0.3988541452293893
26.0,6.360088776704264,0.0019280693985074995,13.729302087431693,6.499813015285674,298.06869333333333,1.2475918878095906,85.87601255844936,67.85033813064831,60.0,70.83333333333333,0.0,7.712783333333333,0.5939813925620362,0.00015755371389841854,0.5339999444136757,0.005626625475042194,0.11104955450408832,0.1771822079421525,30.38839904156429,74.95655310363703,0.0,4.633812924819282,0.0,0.5278499863176619
26.5,6.581516690549409,0.0019408716027419452,13.79055761049383,6.497644219731917,298.045390625,1.2731683153942506,95.73374982317425,31.529526708082713,60.0,74.16666666666667,0.0,7.770099999999999,0.6059878391633826,0.00016602184638156832,0.552916411399835,0.0038906466031455346,0.11955203897377907,0.17804415686954864,37.640582914531365,20.978723099038323,0.0,4.099457958749615,0.0,0.4819210377921539
27.0,6.801475948875996,0.0019043744229615591,13.914303962335339,6.499465050986667,298.0098611111111,1.269618788226807,100.10810559657712,41.86483964902684,60.0,74.16666666666667,0.0,7.837183333333333,0.617908737187956,0.0001739142617118086,0.5200449342741845,0.007249246431753018,0.0429157677000422,0.16192462226703325,41.666582546994604,39.58792152520163,0.0,4.099457958749615,0.0,0.40781705627510084
27.5,7.019658450214844,0.00186976065784435,14.030153973045186,6.496499944435395,298.02630208333335,1.279126000135775,106.71910234075635,42.24796389768874,60.0,74.83333333333333,0.0,7.904983333333334,0.6304608087854162,0.00018818615150350092,0.573088217334254,0.014399906175140339,0.08003018975174774,0.1612303715518943,61.876119590404166,40.56542000324955,0.0,4.633812924819282,0.0,0.5048707967281224
28.0,7.23648399795951,0.0018825217808580857,14.081775444864306,6.500229501449276,298.00108,1.3109747999999997,106.4537166712609,39.10819966504989,60.0,77.5,0.0,7.9582500000000005,0.6426280322702809,0.0001787596931252132,0.5559018832741819,0.004934224203372094,0.03472509179252077,0.15551231471665966,58.39022256553837,35.991143679367276,0.0,5.5901699437494745,0.0,0.577236204541376
28.5,7.451958086501798,0.0018699202400995667,14.1524022547153,6.506120008201687,297.99577473958334,1.3348236133846998,101.53846517654974,36.490537194400275,60.0,78.66666666666667,0.0,8.057983333333333,0.6560780764587958,0.00021505590395456766,0.541122506335868,0.0055418311591362915,0.012064188556279332,0.1413785316991094,56.58085955156361,32.70150931391334,0.0,2.981423969999719,0.0,0.4517116389049791
29.0,7.6669621758198545,0.0018367817123626153,14.247027049464426,6.504630543914716,297.9938941666667,1.3416759334200492,93.10364579512459,35.30755491985433,60.0,78.66666666666667,0.0,8.09965,0.6695018529553416,0.00021458177870732072,0.5371065035495071,0.007249925454109036,0.02624741085115592,0.14632296566219846,47.814650792302906,35.2469129272844,0.0,2.981423969999719,0.0,0.34063690223853715
29.5,7.8827126666370555,0.0017781833632726032,14.37104821841754,6.505787997509536,298.00061458333334,1.351714204141502,85.21386755285481,37.23765120735647,60.0,79.33333333333333,0.0,8.150383333333334,0.6802656439547012,0.00016215557075815418,0.4936945479448937,0.012310442156608014,0.04854591920748333,0.15828331039302743,32.173255247614634,41.6123965574161,0.0,3.590109871423003,0.0,0.3288709038344514
30.0,8.100488563139338,0.00174865,14.44983333333333,6.503071726190477,298.05916666666667,1.3819439793577981,74.15861235014938,55.486992335077105,60.0,82.0,0.0,8.301016666666667,0.691602853194301,0.00015680247128154593,0.46514215270411924,0.0053883820488180535,0.1125617114692631,0.1807217531774501,18.252360195615218,73.45083032817621,0.0,4.47213595499958,0.0,0.385726921611074
30.5,8.316110123439234,0.0017036615287257197,14.584638691437467,6.499200252544539,298.05640625,1.385368988098765,75.53285894902844,68.48175816157949,60.0,82.66666666666667,0.0,8.36605,0.7019238121283157,0.00019295128058416182,0.49247167738940795,0.0055416705862854085,0.15391756515088179,0.16747001412929421,20.27558069444758,114.61928157369239,0.0,2.981423969999719,0.0,0.4328585594625569
31.0,8.529287657631262,0.0016534512416585677,14.737987595051372,6.502332404835983,298.05233333333337,1.388556868735531,78.43738358716425,68.93393041276796,60.0,83.66666666666667,0.0,8.3258,0.710931157782759,0.00021663839206639314,0.4903279902460553,0.007221632343865002,0.09989772547739606,0.17259979609269832,20.17719636753837,132.5977891416943,0.0,4.068851871911235,0.0,0.3698260176533467
31.5,8.739891874957618,0.0016707206508685595,14.818482157012136,6.500887573940741,298.00613020833333,1.413009835611564,71.48758986175967,59.79432675691464,60.0,87.66666666666667,0.0,8.271916666666668,0.7188881194731588,0.0002093048851337188,0.5031078135978782,0.002051246409160727,0.02782964369021502,0.1760139659332822,14.263279700562554,91.93245893220204,0.0,5.21749194749951,0.0,0.4126702130299959
32.0,8.950827468858447,0.0016044865924242423,14.857330847404226,6.50046696,298.065,1.4543098666666665,75.41810769744164,70.56823491617102,60.0,87.66666666666667,0.0,8.364866666666666,0.7260338086945431,0.00015771576322141175,0.4593224885167311,0.0035728370904179164,0.15370426148938485,0.2277551228404948,16.204561251024412,132.55900980906114,0.0,5.21749194749951,0.0,0.27942962540782135
32.5,9.168036230685125,0.001695947181557378,14.814607881839947,6.501240790774504,298.0490053549966,1.5256035223240447,72.5033536450567,79.57913523820447,60.0,92.66666666666667,0.0,8.552766666666669,0.7348490435632303,0.00033350727569325135,0.5715200834919519,0.007565206002609163,0.10719110467947052,0.2969125052776309,14.752397386996467,119.80064574616848,0.0,11.055415967851332,0.0,0.541760456495509
33.0,9.417320835931617,0.0017313208380336838,14.19904546287997,6.502306644197925,298.12117419444445,1.7757615315127204,70.65586540484335,122.00412820218448,60.0,97.0,0.0,9.303416666666667,0.7588648872329717,0.0002643740003579032,0.7027482386409911,0.005375540632411235,0.07637505216706054,0.33534549712036943,7.20396925589754,102.23884772169468,0.0,13.892443989449804,0.0,0.7831340251763355
33.5,9.678806974599178,0.0019369123898404002,13.955840607057985,6.493291230226756,298.1203583541666,1.8676889140470774,86.28445329027561,153.4068510639138,60.0,110.0,0.0,10.330583333333333,0.7852014328589575,0.0002824048888216391,0.7940576771699601,0.010163540200987257,0.10996785213625385,0.3372738060714329,26.799690175713614,133.2918793272333,0.0,13.416407864998739,0.0,0.903711071852552
34.0,9.937666886628369,0.0018832879333333333,13.930205536038487,6.5064627155830275,298.0335883333333,1.8642477333333334,92.13791995741417,147.2055555777359,60.0,110.0,0.0,10.315399999999999,0.809942451297026,0.0002966946601834208,0.8035545555822762,0.007594151008981703,0.05724782977449334,0.31113239545091126,30.541319653925203,141.6554686933904,0.0,13.416407864998739,0.0,0.8596026989254975
34.5,10.19054213695369,0.0017113906202224302,13.967057372440339,6.497982986750412,298.0024373082386,1.8415152323016326,79.03615377484105,136.30944159949124,60.0,106.33333333333333,0.0,9.707583333333334,0.8332766799969661,0.0003764802072848842,0.9203027715308163,0.010059375082774514,0.029979127630445718,0.32167766025712474,34.82096970676308,124.81346048360513,0.0,13.780017739062925,0.0,0.7366356096394532
35.0,10.426407311099778,0.001198539376931894,14.464195498990215,6.527761671952234,298.19214018093976,1.6506190047038467,70.27734086174742,139.7480313266154,60.0,89.0,0.0,9.028716666666666,0.851631632979887,0.0002912976875841102,0.7042148107034324,0.013670840307547802,0.25223519695430247,0.23171582408501493,25.385896056148923,162.31830910359702,0.0,2.23606797749979,0.0,0.735851573386614
35.5,10.654527416199693,0.0012020995729700769,14.330744368743247,6.4853532480001865,298.00200297619045,1.7042839319999181,49.66279531075983,96.50211703963426,60.0,89.0,0.0,8.220183333333333,0.8691323212123044,0.0002465337453530399,0.7731037329208853,0.008446594585476723,0.029373357470830128,0.25306509324531135,7.628242456894632,117.68337200189494,0.0,2.23606797749979,0.0,0.7209708256156339
36.0,10.880986764598633,0.001217377793414654,14.2812585200341,6.508949957388315,298.02500000000003,1.710585481169952,58.98492298703175,79.02761945075515,60.0,89.0,0.0,8.4667,0.8856087563760393,0.0002555279403378325,0.798775176521409,0.00841695239608402,0.09793705461502682,0.24834597822362933,21.208014117683202,107.7996507699682,0.0,2.23606797749979,0.0,0.6094256886610541
36.5,11.1100002155486,0.0012205334683834436,14.202694215777322,6.498933970589303,298.06049855720414,1.7357267880456444,53.342697489972274,71.44307950515548,60.0,90.0,0.0,9.018983333333333,0.9020903952872394,0.00029274456494605695,0.8667092812736671,0.008823452445263343,0.14374108625919257,0.24556626476060636,9.105038328538582,87.14169730834905,0.0,0.0,0.0,0.27180287842887574
37.0,11.336710294431976,0.0011968314057312968,14.180486715755059,6.500648110795339,298.002861276455,1.7365640370151978,58.98140200845825,58.618416252272254,60.0,90.0,0.0,9.159916666666666,0.9187779352646998,0.00027576199522277037,0.9181587579342246,0.006240363722847191,0.01409512717212783,0.24366104225530388,15.934383297113088,55.817389845787766,0.0,0.0,0.0,0.4201781622782836
37.5,11.558705221245186,0.008208546754535967,14.497721688815554,6.503092573906663,298.0314626454275,1.6955837483859098,55.982207863855315,57.3365359982701,60.0,90.0,0.0,8.982916666666666,0.9359190413993465,0.01572311384288945,0.9080391925728167,0.0035423818400086744,0.10954768768046866,0.20572374992949394,13.769500336090296,61.03296389352897,0.0,0.0,0.0,0.4908405016454489
38.0,11.757850740259741,0.0013418282975086158,14.05006180268199,6.492588210766473,298.09999999999997,1.7890068850340137,61.2767445749407,93.73928569997783,60.0,90.0,0.0,8.002583333333332,0.9298240262545071,0.0004846191409781892,0.7417923423923684,0.024505199931427,0.13253930234713623,0.1669305884977993,10.630630158960798,76.50749385733107,0.0,0.0,0.0,2.370193673814207
38.5,11.935517847981812,0.11776835355247788,14.24433667388856,6.515426391405715,298.0962376644737,1.6802009246543996,49.21020162544338,95.89115564495715,62.5,94.33333333333333,0.25876666666666664,7.655033333333332,0.9324510074813736,0.2604034476201988,0.7471891438015805,0.04143046798793847,0.14849276408962575,0.22827517854496326,24.657663280793773,70.63202149552872,5.5901699437494745,9.689627902499089,0.5786198569776956,3.516854404467467
39.0,12.115824496618865,0.24807038984832086,14.226817538896329,6.502163368029546,298.04583333333335,1.683285415350438,53.6038780488004,68.85125745151045,62.5,94.33333333333333,0.0,7.8029,0.9478259728758129,0.5517878403236713,0.6651504026622326,0.0034736369272888815,0.08824287821437476,0.20672742996627894,30.337768945392536,72.10361117287135,5.5901699437494745,9.689627902499089,0.0,3.5545329500981326
39.5,12.31884516243242,0.0012292201863090791,14.129454775086062,6.475806368968384,298.07149246593286,1.7228380940847063,90.30529646626947,122.92312938297952,72.5,94.33333333333333,0.0,8.56605,0.9616928043650561,0.0005178730435775102,0.535501445719104,0.05761076020954286,0.06680349127857094,0.13628454302393997,61.71790065812722,97.17655949586242,5.5901699437494745,9.689627902499089,0.0,2.0597261709185197
40.0,12.544333333333332,0.0012018866666666666,14.070166666666667,6.508366666666667,297.97333333333336,1.7351833333333329,91.91966666666667,80.53816666666667,72.5,94.33333333333333,0.0,9.675016666666666,0.9633463666938403,0.00045230035638819585,0.5462500699211751,0.014985511521317912,0.040276819911970366,0.1166214590983247,58.401361515712026,53.81111435511152,5.5901699437494745,9.689627902499089,0.0,0.603002626906016
40.5,12.770758026456148,0.0010486015181304317,14.004808943420057,6.495820587179807,297.9978229166667,1.755065802324456,49.106461618194665,67.92540261591817,72.5,90.0,0.0,9.702033333333333,0.9699479691893101,0.00016676321647155458,0.7486516639234766,0.018407973703493688,0.028294406853668647,0.1572901162750416,13.481493374257584,43.60185226753942,5.5901699437494745,0.0,0.0,0.8179262735044575
41.0,12.996688835784314,0.0010417192555476874,13.991795203325333,6.501039272966831,298.01674999999994,1.7477427367005818,69.19883527591128,59.97289075114401,72.5,90.0,0.0,9.260233333333334,0.9766271056772605,0.0001677227968004328,0.7384489291864585,0.014647521923419105,0.05932783214197563,0.15424015775261163,16.285551529679605,36.47003438984868,5.5901699437494745,0.0,0.0,0.5514534572886051
41.5,13.222399924186414,0.0010197578870627022,13.938827777284565,6.501990718721544,298.00916666666666,1.7501791783550757,61.28467165710048,51.92887405670822,72.5,90.0,0.0,9.069949999999999,0.9817179951575563,0.00018193428050660855,0.7640066292313913,0.0096785795705709,0.04586362635273141,0.1749347527618509,18.24373233324001,32.23785482534833,5.5901699437494745,0.0,0.0,0.8093314416850489
42.0,13.44749537037037,0.0010003756645448323,13.888325896864686,6.503468662019567,297.9816666666667,1.7578722073025197,62.37207880993285,42.15829521907198,72.5,90.0,0.0,9.273466666666666,0.9869435406974665,0.00016039713325603945,0.7702828949164899,0.006666740283860927,0.01572330188675976,0.1655342614449319,13.17209377388025,26.88697433110606,5.5901699437494745,0.0,0.0,0.648750652322515
42.5,13.672913588733978,0.0010295491435186011,13.783795481770833,6.49673336615627,297.9898177083333,1.7842828882258799,63.834254543558224,38.97949399029937,72.5,90.0,0.0,9.437433333333333,0.9949316280351497,0.00016211769587086422,0.8331649235731059,0.006666063689406956,0.023018550155435344,0.1847322416054076,14.014350678164776,18.68478193992344,5.5901699437494745,0.0,0.0,0.5168252272824494
43.0,13.899404069103106,0.0010337866218735573,13.563386580720156,6.502318695917427,298.00223958333333,1.7803605056178073,56.81100846125861,40.1336550828047,72.5,90.0,0.0,9.573616666666666,1.0037698361228966,0.00017600463618056925,0.8400369991783811,0.01459511733482324,0.046760421307634886,0.16998204300625697,25.12290180456785,18.94162027296349,5.5901699437494745,0.0,0.0,0.5247849445778293
43.5,14.131448848774886,0.0011019992813559832,13.216388573192946,6.502873231119925,298.02189778645834,1.7830758786054781,56.438943114038125,47.97339117989376,72.5,90.0,0.0,9.65175,1.0143248345685107,0.00020238384091407746,0.9826820130077591,0.01608452262237084,0.045748692473535156,0.16826261885529317,18.94823968684698,26.509457133762478,5.5901699437494745,0.0,0.0,0.66250990369956
44.0,14.375374580645163,0.0011850135136999551,12.604398666666668,6.48542066311787,298.04166666666663,1.7902892779783395,38.57538234709548,60.89333756362915,72.5,90.0,0.0,9.839116666666667,1.0277363878381616,0.00017346772722525968,1.1211770897924893,0.018079668692871486,0.019507833184541676,0.15683410509023135,35.42732803712456,26.23059356525747,5.5901699437494745,0.0,0.0,0.6397463310215663
44.5,14.625967514133892,0.001204595927995647,12.582272346636705,6.4923241376876,298.02363643229165,1.7245341696262126,64.39597067412898,65.05247237913484,72.5,90.0,0.0,9.941483333333334,1.0416554413035777,0.0001334116036876955,1.1048006954663974,0.010238237068583579,0.022777625722722156,0.13419790098252574,18.628010702447348,22.059589659629506,5.5901699437494745,0.0,0.0,0.596179398102804
45.0,14.873451737686489,0.00120225613327617,12.556873047937643,6.508420993041376,297.99973958333334,1.7094585645112501,73.0200034796146,60.243950092450014,72.5,90.0,0.0,9.6957,1.057357619707422,0.00013155503651912453,1.109549100537953,0.009331220858347866,0.02009937604836951,0.14334072233870276,13.179880257073496,19.605181536904627,5.5901699437494745,0.0,0.0,0.602738439678993
45.5,15.121435100854002,0.0011824769912595556,12.537800394712939,6.4986580337229185,297.98743815104166,1.7089394550908281,62.40367559124875,54.06045767804809,75.0,90.0,0.0,9.659766666666666,1.074596588976625,0.00014956212012416452,1.2469097301797594,0.004960569349374118,0.009974067229223718,0.17638124086546778,11.621136600921362,19.006565178365406,0.0,0.0,0.0,0.6867197916342752
46.0,15.367088440651107,0.0011613992666666664,12.507886666666666,6.502295049761329,298.0260416666667,1.7173549397260273,66.98867681926055,57.247468763542145,75.0,90.0,0.0,9.785,1.091650379323974,0.00014697042360065362,1.231495339369536,0.0038371693497001617,0.07117472875881686,0.17280000520144928,16.34325159748398,27.927793799604004,0.0,0.0,0.0,0.765495349430681
46.5,15.613215297546835,0.0011716163495918495,12.409926834310042,6.500575562365138,298.02212171875004,1.7400231270438817,61.46507314798748,61.88434755966694,75.0,90.0,0.0,9.859683333333333,1.1071722390223808,0.00015470041497810883,1.2321010733581004,0.005515671825343326,0.048761167558921396,0.18164289756179777,11.85569909757579,35.08442813917903,0.0,0.0,0.0,0.7107293212296477
47.0,15.856386957003323,0.0011373099947684976,12.392114961964134,6.500478602052404,297.99916666666667,1.7498216383568856,67.98898277754549,57.961044303267215,75.0,90.0,0.0,9.902633333333332,1.1213666491176564,0.00015598209305725324,1.2197339393865831,0.0019850828218070412,0.023169064624075336,0.1876426495681227,15.647958716563585,35.61066653925499,0.0,0.0,0.0,0.7359287525901461
47.5,16.098318117759224,0.001141309668192636,12.308055423460146,6.502101627608087,297.995,1.7749513032783792,61.338169573754385,55.344701212716274,75.0,90.0,0.0,9.856250000000001,1.1330397111369692,0.0001649645203279762,1.1808919158429778,0.0023210980119997807,0.012583057392106472,0.1673309762573727,16.26239565096881,34.35192245638738,0.0,0.0,0.0,0.7366129688196739
48.0,16.339270621722843,0.0011286468285714286,12.283241658692184,6.498525828571427,297.98333333333335,1.7799736666666666,70.30540914257712,51.042890931017894,75.0,90.0,0.0,9.879516666666666,1.1440382976784984,0.00016267315029078357,1.1399885774915486,0.004217852122572543,0.017950549357111004,0.1417693965584804,14.003465695343145,32.208701239701284,0.0,0.0,0.0,0.6373735336432543
48.5,16.578041255143102,0.0011177908080175602,12.211672457674055,6.5048125689406495,298.01625,1.7950365189056334,67.34218139810874,51.96214328587914,75.0,90.0,0.0,9.867916666666666,1.156209147472526,0.0001454099838599426,1.1662876565972013,0.007483877920222804,0.05725946064478829,0.15252005219555897,13.304083765627801,39.85838575025393,0.0,0.0,0.0,0.6048198062692357
49.0,16.817007497251563,0.0011012646149873822,12.156684690608465,6.498479721391175,298.00332125,1.8125507197341542,68.75061713041183,49.529751489105536,75.0,90.0,0.0,9.93285,1.1662641210352882,0.00013053914318451098,1.1732331388836266,0.0060990575107963815,0.02808431070567334,0.14522303570616546,13.543191578050946,31.822285922415873,0.0,0.0,0.0,0.5680868030797168
49.5,17.053848597656852,0.0010597880180547453,12.141746686480722,6.503467961018064,298.0186462983631,1.812051263981032,66.92526768681275,50.52379405378492,75.0,90.0,0.0,10.00165,1.1766430174692466,0.0001324902463874336,1.1936633766912201,0.005527295076856477,0.04876489359320327,0.14963099705281113,14.909817624969286,32.825990980444686,0.0,0.0,0.0,0.6111944173774279
50.0,17.28684361814346,0.0010250483333333331,12.124416666666667,6.503548013462198,297.98283333333336,1.8215393478260873,69.19679580491108,40.14194891884588,75.0,90.0,0.0,9.923250000000001,1.1848838086264835,0.00013898828205004276,1.1572101658970833,0.006355038508174503,0.018889297381201074,0.14027730626976187,15.605184650464198,18.39747776755811,0.0,0.0,0.0,0.7581510134311413
50.5,17.518189661801323,0.0010274492743230922,11.871111064754155,6.499217439289205,298.00230468750004,1.841917805570089,52.15777921752678,39.15502728735799,75.0,90.0,0.0,9.809166666666666,1.1914354878656652,0.00016358291110303677,0.8954403008706651,0.0031295816732657277,0.022795805374566797,0.1613985924186742,22.66481269365268,22.01532311041698,0.0,0.0,0.0,0.7867079290025976
51.0,17.748241763042508,0.0010263601972268282,11.850919348766604,6.503166083296659,298.0068098958333,1.8323738047848235,64.42147761631013,36.857079184265125,75.0,90.0,0.0,9.829516666666667,1.1939263397202673,0.00020808213775451806,0.888704293242802,0.002703480356137241,0.0362698181465931,0.1889953910050917,17.21425939211329,28.535639347100513,0.0,0.0,0.0,0.7760102113088173
51.5,17.973094133209788,0.0009652902023126681,11.877971942684779,6.498695344990099,297.9770963541667,1.8092969477839942,61.3860191990172,26.443478295557398,75.0,90.0,0.0,9.741333333333332,1.1916970014383281,0.00017794535863092825,0.8709917570583507,0.0019805928162469465,0.022912186618195333,0.17811964189311233,11.557102861445019,29.688328328147854,0.0,0.0,0.0,0.669602911350368
52.0,18.195129385281387,0.0009775707034413966,11.809405172809173,6.505297371428572,298.0116666666667,1.8403961333333332,63.84803972655944,12.750648001115948,75.0,90.0,0.0,9.581183333333334,1.1912257448530035,0.00020371364419681645,0.8299943350661487,0.003662302720093527,0.07380529941828887,0.16035259264536034,13.17117476649443,5.962403676069978,0.0,0.0,0.0,0.6290074228938441
52.5,18.419038181787048,0.0009826532162132574,11.742901520430657,6.496249934412063,297.9971614583333,1.8533913734950913,59.64289028474559,21.679575413119164,75.0,90.0,0.0,9.670599999999999,1.1916425033058564,0.00019160334213268328,0.8343439259828995,0.004395266639787186,0.03382207012143889,0.1647820571031368,12.175070287588065,27.181923085978287,0.0,0.0,0.0,0.7575827765553631
53.0,18.640078440371255,0.0009764670838403074,11.727147009303906,6.505658427343576,297.98791666666665,1.849437575218942,65.00813051903698,20.71306035185859,75.0,90.0,0.0,9.868016666666668,1.1951271739059344,0.00021431296287229438,0.8360171135819456,0.006635817242611576,0.02190969470855573,0.1610369641203131,16.044745633220682,21.530987633270403,0.0,0.0,0.0,0.7864666477706195
53.5,18.86163402657272,0.0009464536274228639,11.711548719491828,6.498779361549516,297.98333333333335,1.838155680178767,58.22686459052857,19.90767375192787,75.0,90.0,0.0,9.910066666666667,1.1990982215171695,0.000210819814148638,0.8798058378295095,0.007706530546619178,0.020370643279940658,0.1703967044914952,14.410355624224348,19.211116485694074,0.0,0.0,0.0,0.7867861159312752
54.0,19.075143093333335,0.0008977007916882089,11.748838196969698,6.504183404166667,297.9789583333333,1.8141305987878786,60.07787114407332,15.863091666666625,75.0,90.0,0.0,9.6657,1.2027887609628345,0.00019683949477912875,0.853074359759975,0.008092451705658714,0.020031442298425725,0.16679958356527846,13.579026196024763,17.685630280174212,0.0,0.0,0.0,0.8519028563555042
54.5,19.286308068667605,0.0008882689151249683,11.706876084386705,6.4998541285693925,297.96913411458337,1.8207209923655816,57.840474671288824,13.142969077369195,75.0,90.0,0.0,9.446166666666667,1.2081370502790019,0.00018214892640960181,0.8894705299122125,0.00575223315997392,0.012393803790990863,0.17442035225093913,9.878140618442945,16.315413741236263,0.0,0.0,0.0,0.8330139227861415
55.0,19.49414025566625,0.0008656532408102818,11.708751984890108,6.502853773279462,297.967453125,1.8055567454636077,55.12562527850525,11.875792821147334,75.0,90.0,0.0,9.375183333333334,1.2090919151544732,0.0001831136670254808,0.855831950133534,0.005065600477255589,0.017119027908647777,0.1581073992506434,10.473215241657154,15.366426900230714,0.0,0.0,0.0,0.6403314985658249
55.5,19.701894642891222,0.0008728580998955306,11.677052424491373,6.506403914873759,297.96515625,1.799462012796275,57.569591233842466,12.083984717875602,75.0,90.0,0.0,9.546516666666667,1.2109631698917382,0.0001931654059126978,0.8205484898154191,0.014764566420036887,0.020351525011962534,0.15108510607795325,13.288800431477522,13.12313521498543,0.0,0.0,0.0,0.7088749593937953
56.0,19.909077475555552,0.0008713498415570182,11.644295790849673,6.498588042105264,297.9729866666667,1.7855329473363772,55.860126743952236,6.981996666666678,75.0,90.0,0.0,9.6488,1.2139374134933703,0.00018221614433351548,0.8279265088614522,0.008870472793927404,0.013849219793509733,0.18459957313503725,9.498650188537635,11.8110942424791,0.0,0.0,0.0,0.7977196646274515
56.5,20.11423755650161,0.000875601938106446,11.591431214839048,6.504484011554497,297.9670873177084,1.7837277819025799,55.45269198210246,9.193389391375973,75.0,90.0,0.0,9.5181,1.2174654015629396,0.00018265892007202395,0.861931380844348,0.024792152208236714,0.008058789935128534,0.1919145581881477,10.781733089501227,11.115094326889718,0.0,0.0,0.0,0.8254655131096231
57.0,20.32946888791673,0.0009224408383231696,11.40896968010418,6.486411873398755,297.9814627083333,1.763353050805146,28.621102701749052,12.34249344529357,75.0,90.0,0.0,9.521916666666668,1.2245376291064445,0.0001575370503754359,0.8964757432033569,0.02124045851627415,0.01917299533763752,0.15954168989038642,26.77479858404416,11.068809802453375,0.0,0.0,0.0,0.8421520496455625
57.5,20.54475819427886,0.0009475411235462068,11.452700956957147,6.494021461877826,297.97523437499996,1.697296990121761,58.891889422084375,8.230258271556783,75.0,90.0,0.0,9.492616666666667,1.229457426801276,0.0001226295788889981,0.8791451469397227,0.01218602948602082,0.011554667251192937,0.15229239193572527,11.474023829460245,6.144963963196222,0.0,0.0,0.0,0.5894416805098041
58.0,20.752018943191402,0.0009128486365799401,11.500256230769232,6.509643225877192,297.95500000000004,1.6868627739304805,67.03311307841535,6.700600000000004,75.0,90.0,0.0,9.173549999999999,1.2348521037375797,0.00016009287505249647,0.8369816187849387,0.008799355573035962,0.024324199198874723,0.16305436535931572,11.385051245556935,7.320071465498142,0.0,0.0,0.0,0.6947480280648517
58.5,20.95645499947388,0.0008492738842189179,11.491615315778324,6.495842200541879,297.94600805634474,1.687057704081173,54.00636532229793,6.477690724758474,75.0,90.0,0.0,8.910766666666667,1.241248757458242,0.0001341440021423488,0.8623088006495898,0.008147837425008799,0.016768347755889403,0.15075637497108885,9.362866877268166,6.573731084381808,0.0,0.0,0.0,0.8567169070871014
59.0,21.154481535645264,0.0008380459049109492,11.51481176123381,6.505189992043051,297.95697532196965,1.6839759528629559,63.25982615262277,5.977753965775467,75.0,90.0,0.0,8.928116666666666,1.2461136650923323,0.00015052567622458337,0.8397024592104748,0.006574170982176167,0.021685425912672432,0.14805316187026293,13.639914249149482,6.781034325029755,0.0,0.0,0.0,0.6485888153436575
59.5,21.35084694265494,0.0008161437600039995,11.492377095747573,6.497840103922179,297.960086953125,1.684492434796991,55.75366307270573,8.520018171961196,75.0,90.0,0.0,8.9895,1.2503996088845473,0.00015510888104117984,0.8595475229563613,0.006087559593016329,0.012963947916733743,0.15558581872146557,10.385935633709376,11.058271619799395,0.0,0.0,0.0,0.6057501327555225
60.0,21.541666666666668,0.0007955333333333333,11.509333333333332,6.504749999999999,297.96833333333336,1.6751499999999997,59.488,13.16001666666667,75.0,90.0,0.0,8.892066666666667,1.2507690523123047,0.00015483135187106722,0.8336119534225079,0.005467098560175022,0.029674156357938915,0.15986364762926353,12.792653086830736,7.625389737890268,0.0,0.0,0.0,0.7701776800770647
60.5,21.72809098851313,0.0007623204026995468,11.497470283854168,6.500773324111781,297.98820450520833,1.6836603075493486,52.47089680955727,13.19797089171049,75.0,90.0,0.0,8.76255,1.2474455172652403,0.0001748966853435903,0.8436432394054986,0.0025284528318121357,0.04440070303239616,0.18443236574184768,10.470790843727887,8.705298989336839,0.0,0.0,0.0,1.0305978519771908
61.0,21.90994169831143,0.0007626720006035809,11.513308584757459,6.500209445126626,297.95918821969696,1.681325259168597,62.363185260014575,16.261253465196326,75.0,90.0,0.0,8.6438,1.240353341385572,0.00017081948181311334,0.8371877242939585,0.004890976099140674,0.03839506647320964,0.17480494393081242,12.954445011790451,10.942573963177477,0.0,0.0,0.0,1.0949522074806124
61.5,22.088827069254993,0.0007468336473730666,11.495843277466621,6.501039147134908,297.97541243844694,1.6729158648614624,53.49833352995592,19.841639457224726,75.0,90.0,0.0,8.622716666666665,1.2328310883665443,0.00015206150084739494,0.8705940985842348,0.008758542846036515,0.0377585012689227,0.19380074124238056,12.052649118596243,9.002084381889148,0.0,0.0,0.0,0.8840323512494073
62.0,22.263595461980547,0.0007192875938290421,11.555621069739951,6.498774801235375,297.9731,1.6633752697513666,65.6648665332748,10.167571826843627,75.0,90.0,0.0,8.56585,1.2279380909538895,0.00015473814409240342,0.875405324923974,0.005149355185560567,0.054730095316312725,0.20286127866761544,18.071067956796416,9.841106343657056,0.0,0.0,0.0,0.7861187203597179
62.5,22.431290204898776,0.0006904588484046709,11.574807554750144,6.506675944272339,297.9565362079327,1.6450446253443392,59.40227692817863,20.252492718805094,75.0,90.0,0.0,8.402066666666666,1.2256508980209433,0.0001631971135599674,0.8693563076405346,0.004341308510953864,0.041207968112028925,0.19926161693280992,16.098516313292272,14.798278623511335,0.0,0.0,0.0,0.7308666400620265
63.0,22.595674356527443,0.0006598237048982712,11.613628241787437,6.496543281313563,297.9771693121693,1.6357633500926392,60.255643734816694,19.630382400166514,75.0,90.0,0.0,8.295333333333334,1.2251261045426785,0.00020452064539908536,0.8392692153646127,0.0024885847566790843,0.03489068903874076,0.18885825671936404,15.670285011192608,15.66000933689488,0.0,0.0,0.0,0.7225701503814158
63.5,22.75231857423853,0.00063926653314455,11.627452719298246,6.505746439658896,297.9656354108796,1.6329354697009129,58.87101561902182,19.821707113445978,75.0,90.0,0.0,8.123383333333333,1.223704024381432,0.00018183397819454002,0.7992373698837528,0.005909445704378685,0.0321061502944674,0.17577048078588103,12.940567657903799,14.515926279309683,0.0,0.0,0.0,0.788821436102972
64.0,22.90814378231293,0.0006073603220670895,11.426299822222225,6.5078522326969805,297.95389176470593,1.6497225401709399,51.3954500876304,7.165495466666293,75.0,90.0,0.0,8.081666666666665,1.2193250109407023,0.0001884558986171385,0.913747678884507,0.015917019880019253,0.046410231143450505,0.18879580749760427,10.065539088900906,6.920427692145351,0.0,0.0,0.0,0.8448817898906856
64.5,23.06866267258634,0.0006127010857239812,11.407479202974299,6.494072345019305,298.00770723958334,1.6365516740895363,51.793587926508316,21.042395166440713,75.0,90.0,0.0,8.246799999999999,1.2235542830569124,0.00021185288255491717,0.9353773097328134,0.012672197811263634,0.07743355615303209,0.17638557743404684,17.13690578408069,24.367069835863322,0.0,0.0,0.0,1.0955013327239727
65.0,23.22616578721519,0.0006335831815150438,11.219827892446519,6.502195429012819,298.00799153645835,1.647069579555513,58.97358966443761,31.24540208333426,75.0,90.0,0.0,8.203866666666668,1.2292829372905074,0.00025008500037640885,1.01548436670933,0.012110939795467445,0.03744252257566313,0.17620712088363114,15.890178279342333,20.74395727003204,0.0,0.0,0.0,1.2404089280914135
65.5,23.407782984850257,0.0006936413407776475,10.321504734028236,6.51905415078608,297.9599644791667,1.7193747716930492,23.55631299439605,19.086409912093217,75.0,90.0,0.08635666666666668,8.521683333333334,1.240754456251715,0.00024159675740391173,1.0458054665104346,0.025490614609912667,0.01646874782738381,0.1682877726949165,22.34474111913232,15.826257987245018,0.0,0.0,0.19309937697695687,1.0194139728567366
66.0,23.610506071133177,0.0007445073705881416,10.352938751479634,6.481365238857915,297.9804747474747,1.5995089751886773,48.05038793740828,13.546532631698964,75.0,90.0,0.0,9.351183333333331,1.2484560113010914,0.0001937086456402274,1.0493187023144699,0.018987932843256724,0.04100585886403873,0.16079556444596277,15.79314222652777,13.751123675672474,0.0,0.0,0.0,0.4827414574306022
66.5,23.802358493296698,0.0007455660947351789,10.473104621366186,6.501645747308275,297.96160706101193,1.5339095979840736,80.71145951977655,10.157685987939049,75.0,90.0,0.0,8.876283333333335,1.2574787861925634,0.00014796888058698566,1.061228868993978,0.012837236890748352,0.031899344586098,0.17294379869549797,30.072779940630177,7.006507794435097,0.0,0.0,0.0,0.37328790236967974
67.0,23.992176639609042,0.000726026801107382,10.379410867765191,6.507212556047269,297.96345971445226,1.5557749708464295,62.04960934091158,17.499796343935156,75.0,90.0,0.0,8.234633333333333,1.263670669797466,0.00017666599295256878,1.0512694606660238,0.013395213025079048,0.030273210001255647,0.17178892707582544,13.339139793039935,14.2627621943157,0.0,0.0,0.0,0.45774774227248316
67.5,24.183857139456407,0.0007298398649951101,10.384099623271405,6.492602215456594,297.9531227691579,1.5490817285740046,68.6613741516456,26.382808166505953,75.0,90.0,0.0,8.35555,1.2629704275200295,0.0001787301499067333,1.059315149091952,0.014849796260165828,0.024612856442482345,0.17941594743325032,18.928003150800965,22.674431929276928,0.0,0.0,0.0,0.4350288180109452
68.0,24.37272116431925,0.0007663970736041147,10.396250904597856,6.502329375238095,297.9596,1.525428823188406,80.66571451094977,22.254388583124538,75.0,90.0,0.0,8.595583333333332,1.263908544759722,0.00021909201992915614,1.0117699104543298,0.006039497097419171,0.039473197657806575,0.1612715531191883,38.64141004132842,21.839589175251575,0.0,0.0,0.0,0.6160747557904175
68.5,24.545347944329674,0.0007797074865746996,10.639352960088535,6.501052758020413,297.9595914644608,1.4631206355395847,78.13220985801658,22.35806284227159,75.0,88.33333333333333,0.0,8.445300000000001,1.2429157119373768,0.00019797095357873044,1.148353430125219,0.008494570318335042,0.06446130921769969,0.19837102713448906,43.61458070914585,27.833107869134064,0.0,3.7267799624996503,0.0,0.9105767476348896
69.0,24.717998072981967,0.0008039617417655171,10.650855604679581,6.495980218147179,297.9877606896998,1.463656913105889,88.19903668856107,39.27707753065591,75.0,88.33333333333333,0.0,8.148166666666667,1.2279063325652926,0.00015794129160105953,1.2056693160400414,0.013135324044740384,0.07284364903918945,0.2095287924007446,62.421693804414176,34.678999099902036,0.0,3.7267799624996503,0.0,1.8030366049775277
69.5,24.885202762705777,0.0008643166754486808,10.91614437887464,6.499949236162132,297.96827790922623,1.3889165521768845,87.42307055940938,13.886291846874713,75.0,86.66666666666667,0.0,8.31795,1.205986234460994,0.0001756187749506052,1.1544690318066142,0.0053996104100200665,0.057607203474160665,0.2136251402053597,63.98402109512867,9.325643326664686,0.0,4.714045207910317,0.0,1.446194643135333
70.0,24.96591666666667,0.0007859666038337785,11.868176413398693,6.50264690277396,297.93177536231883,1.145952797972106,66.81477385879283,31.640836898925972,75.0,81.66666666666667,0.0,6.320016666666667,1.1796310304733237,0.00019824323342323803,0.5165893800154148,0.0070042118064438386,0.044197745601290986,0.19469829534223515,14.576049466794682,26.17178601112468,0.0,3.7267799624996503,0.0,1.6203667953240986
70.5,25.03985604800764,0.0008032553902737101,11.969022171393386,6.490852774234823,297.9460492410714,1.1334197747647674,79.27584240615846,21.11136785247429,75.0,81.66666666666667,0.0,5.147033333333334,1.1556279762464325,0.0001679691901480567,0.5205343528116408,0.021855891186486648,0.055603113965324365,0.214201256153555,36.94842850859928,16.59458183689527,0.0,3.7267799624996503,0.0,2.2837843029108997
71.0,25.11541383650814,0.0008689222465417414,12.000347660449362,6.505583659399938,298.0131184057971,1.1439311260658662,87.24415171227129,38.9189282085457,75.0,81.66666666666667,0.0,5.779433333333333,1.1386490206011006,0.00018970566388002116,0.48993218881149975,0.017565322742425844,0.054952786285939775,0.2001865977235226,53.4094995764253,29.885082642832735,0.0,3.7267799624996503,0.0,1.846705857887378
71.5,25.197963344050816,0.0008788102002965454,11.970383446325016,6.4988400537036695,297.9144205729167,1.1673934220601925,68.67735271371454,22.527958038110114,75.0,81.66666666666667,0.0,6.843733333333334,1.116364527318651,0.0001824263425830713,0.5372017261870233,0.020915178348395846,0.04022545168458884,0.20113357833859472,13.561418080001799,20.56287216983065,0.0,3.7267799624996503,0.0,1.1836931340324466
72.0,25.280462814814815,0.00088395544,12.117144056517413,6.491302711737089,298.0274266666666,1.1444109260073259,84.72789421380953,37.936772,75.0,81.66666666666667,0.0,6.9685,1.1068227708621083,0.00020882425304539706,0.5121347359084211,0.009548212150200887,0.0702816492565552,0.20594093398739063,58.78328517672162,37.01856553606654,0.0,3.7267799624996503,0.0,1.1161789298017293
72.5,25.368375551873925,0.0009421653726124623,11.925026622978848,6.521833119301134,297.93585936010203,1.2109818242672346,74.46563194335916,39.346416718606214,75.0,81.66666666666667,0.0,6.5923333333333325,1.1113601330630158,0.00027465254830262467,0.5991947479479673,0.016322845190587344,0.04412650388733396,0.22315307699936834,27.34563858627271,21.733142147548936,0.0,3.7267799624996503,0.0,1.5131912455322878
73.0,25.481329101574755,0.0009657754213407526,11.920612569394569,6.4813002468042535,297.95451560897436,1.2008973380982564,56.707081742155935,19.702827904744904,75.0,81.66666666666667,0.0,7.256266666666668,1.1269600613741004,0.00033062870967075474,0.6078131035146147,0.016615251390222456,0.04416507060776391,0.18668878360767638,32.0824136307446,13.164720594530113,0.0,3.7267799624996503,0.0,2.1327294457780828
73.5,25.5862158961173,0.0010149112679387125,12.045724983701904,6.507635878663627,297.97119875000004,1.1750207299856086,84.15521875553098,23.71325939329523,75.0,81.66666666666667,0.0,7.51475,1.1495421469221876,0.00039729457601410574,0.6179427972384789,0.008656063125450418,0.057735006040749035,0.18947684503395348,45.52822467474711,19.02242845996832,0.0,3.7267799624996503,0.0,2.007863545122859
74.0,25.7201558974359,0.0010702525785069568,11.211476062458317,6.525226650774397,297.9749364102565,1.3963601033426665,49.2195476606279,25.315160903352645,75.0,81.66666666666667,0.17323333333333335,7.538683333333334,1.1805834444088918,0.0003571104454695295,0.7510973182592185,0.02198717615131958,0.0682572788478606,0.10768911274267165,22.380682800160375,21.689401041745654,0.0,3.7267799624996503,0.3873615093022136,1.4642747253807562
74.5,25.91116705552243,0.001136733132148003,11.12843260599322,6.47540035449357,297.96342758680555,1.3897563516473947,34.96579899259283,30.906146066766684,75.0,81.66666666666667,0.0,9.304433333333334,1.1980436194166444,0.0003404857187426514,0.7673271552658799,0.018768208519794854,0.039662344120864994,0.09896980651722292,28.081124944713228,16.23166732834886,0.0,3.7267799624996503,0.0,0.9633067003238838
75.0,26.090194596447674,0.00112571248602341,11.304116438282366,6.492390101492449,297.9563928618077,1.3195336859766282,68.8600050918619,32.762636929852825,75.0,81.66666666666667,0.0,9.571616666666666,1.2065986886057767,0.00034179431051221634,0.6782404223293554,0.018552528216319076,0.0816984237320967,0.08575319298988388,44.34886350930988,22.528689888967534,0.0,3.7267799624996503,0.0,0.6316350592355966
75.5,26.272864043987493,0.0011817254450545488,11.000737092227006,6.513378535758072,297.92237334134614,1.3375951439631732,51.98973821745401,39.278408667613995,75.0,81.66666666666667,0.0,8.596200000000001,1.2150665308228668,0.00033107324734222594,0.5207151599472274,0.014816433745590588,0.03340017317683383,0.09954069451783919,29.11328419531662,24.346028656566038,0.0,3.7267799624996503,0.0,0.5364139042443498
76.0,26.46131600819672,0.0011984911125093635,11.024329584674328,6.491515355193472,298.0006266666667,1.3209817476278711,60.876246293322716,31.593765608718584,75.0,81.66666666666667,0.0,8.67105,1.2192338283873367,0.0003039348806081005,0.504556405763473,0.012416801531852753,0.0774447989789408,0.0937349122298451,21.87872618747309,33.680828882538336,0.0,3.7267799624996503,0.0,0.6449075973863747
76.5,26.641500828437795,0.0011908976254795345,11.042585710230718,6.510245826282527,297.9834367641761,1.3205432436958102,64.45467455387633,42.49404756598137,75.0,81.66666666666667,0.0,8.926,1.221266057157154,0.0003072181344165023,0.5131232733172763,0.013945993863336463,0.09951768338418661,0.10016723603012091,21.726060299955293,48.10868224714427,0.0,3.7267799624996503,0.0,0.5573067318212958
77.0,26.82415535751483,0.0011910403502995396,11.002839901489745,6.494935773123312,297.97838898580585,1.3455417684771647,59.35634317269497,35.55827223858311,75.0,81.66666666666667,0.0,9.0806,1.2188822843610858,0.00026045629366223467,0.4939920748536701,0.012994998344837852,0.07027701939064053,0.1180054941461153,13.558957292129714,31.258630449486592,0.0,3.7267799624996503,0.0,0.3177238371080561
77.5,27.001080128059744,0.0011772341965414774,11.052646654964844,6.501966572986682,298.0115277381333,1.3254678065449441,66.43231678645843,28.79341125656912,75.0,81.66666666666667,0.0,8.97395,1.2182831027109275,0.00026334773635215426,0.5034906466005574,0.011373483330436961,0.11257034989852606,0.10733563558413747,31.413884901247094,18.473274336922497,0.0,3.7267799624996503,0.0,0.310012390881397
78.0,27.173533769005846,0.0011336032904347825,11.069203504384822,6.501830072426368,297.96022166666665,1.3300236124649858,64.15603565266771,39.86453941971205,75.0,81.66666666666667,0.0,8.768866666666668,1.214920284760754,0.00025608189476133996,0.5008451839392906,0.01458177261003413,0.04662237317592738,0.12634146990184264,25.611366049092965,38.32625771067649,0.0,3.7267799624996503,0.0,0.3296874412058923
78.5,27.3396303759106,0.0011018928083586074,11.09803368290441,6.505325448277421,297.9382844560185,1.3229685324352727,63.603173749133056,45.56905319963576,75.0,81.66666666666667,0.0,8.670683333333335,1.2076908622236526,0.00024300738518676814,0.4864674525066716,0.011049830987286294,0.04677355346057336,0.11665343008185013,22.524892450747483,30.12904827064765,0.0,3.7267799624996503,0.0,0.3759502689481974
79.0,27.49972147932377,0.0010439720667328155,11.098873510261058,6.496818375408658,297.92372903846154,1.3354403557181762,54.088435316963434,21.538243906509475,75.0,81.66666666666667,0.0,8.555983333333334,1.1978209850635277,0.00023800724311676884,0.5115508269324618,0.0080561996521593,0.01407277948421562,0.11150784668904962,21.765856529481518,11.356724135331499,0.0,3.7267799624996503,0.0,0.2511562622264385
79.5,27.655729336175256,0.0010628076261985574,11.135826491941375,6.502659655532768,297.9617274968306,1.328082239948692,66.65592690074277,36.82678737866627,75.0,81.66666666666667,0.0,8.489416666666667,1.1834135538905486,0.00017004155588297554,0.48952479464759824,0.0049490261089233534,0.04519514111035828,0.09467951343809325,21.888814702338394,39.8366394052726,0.0,3.7267799624996503,0.0,0.3694926946353458
80.0,27.810999999999996,0.001046705,11.100666666666667,6.500583333333332,297.9433333333333,1.3447500000000001,55.33766666666667,14.549999999999999,75.0,81.66666666666667,0.0,8.533416666666666,1.1702089556997937,0.00015138900375632745,0.5182935676064501,0.0062805033414704515,0.07993052538854808,0.0893452246438872,17.168858549387867,11.788900853627817,0.0,3.7267799624996503,0.0,0.6556070302060188
80.5,27.93704063570596,0.001040788414855605,11.457898968018384,6.501916090531094,297.9453819618056,1.2544183478090263,65.37721928355565,41.421992738541476,75.0,80.0,0.0,7.992766666666667,1.1813534465074833,0.00022194362740453517,0.6129055761172201,0.0059583476888604514,0.07681584275929218,0.14137227251182338,21.51862178497738,28.49918372973589,0.0,0.0,0.0,0.7620164842194833
81.0,28.06186089365441,0.0010616012012790814,11.39407409190927,6.508743718751113,297.96476916666666,1.2728025840928157,47.43066989799178,24.36923805569381,75.0,80.0,0.0,7.527083333333334,1.1903760280156002,0.00021262192480972015,0.6012764725717353,0.013070883773586723,0.07149378646757955,0.14695937340855117,11.70226427300741,25.632337053053043,0.0,0.0,0.0,1.7643731270309264
81.5,28.19090805442472,0.0011143120116442835,11.409211003535917,6.492813701705433,297.9748926116071,1.2608431149180765,52.07199565244532,21.484187540802242,75.0,80.0,0.0,7.766683333333333,1.202190908786668,0.00030784289579433054,0.6228105278013234,0.012876557012755818,0.06743506361354286,0.14763046704012542,21.217993160066452,20.179595237584035,0.0,0.0,0.0,1.5280948938865748
82.0,28.318126486299647,0.001177082808,11.415339094408601,6.500274304234638,297.9752620289855,1.2557216894051737,56.66277070966283,42.447422466748655,75.0,80.0,0.0,8.026083333333332,1.21245595683209,0.0003326911368147705,0.642945223290423,0.006090510701277804,0.047428048849652404,0.1486039541388862,25.460037159543823,26.66051714699041,0.0,0.0,0.0,0.8987447327924776
82.5,28.443548148086347,0.0011709987980560346,11.460702277778081,6.510463251067356,297.9861067708333,1.231395523148092,60.311388141539,12.095170408655166,75.0,80.0,0.0,8.107349999999999,1.2258640026277494,0.0002832197090194381,0.7038809092102726,0.01552005921255328,0.06775448772461287,0.16175278674202515,29.023001951885654,8.969114497096037,0.0,0.0,0.0,0.6039733320547634
83.0,28.577869319448343,0.0012873365701431673,11.28102340090872,6.4999443589664105,297.9768530477856,1.2338365870466361,27.13581225692083,22.414028449974694,75.0,80.0,0.17328333333333334,8.118549999999999,1.2387753249756288,0.00028523795804984105,0.834116862778206,0.021828843197626374,0.04799499497203748,0.18445002128835394,29.20124954569333,13.692028230442123,0.0,0.0,0.3874733127010886,0.846218292857503
83.5,28.721232152354954,0.001403998045210731,11.373469001751827,6.503636325229145,297.940005390625,1.1484777034550961,54.279756191606,36.180251824499656,75.0,80.0,0.0,8.316699999999999,1.2444053717301609,0.00024238515684021038,0.7463488311876437,0.0242150656152252,0.033662297386392474,0.15068704599009455,17.160816401612845,24.14473294527734,0.0,0.0,0.0,1.1556727535653564
84.0,28.856979839050513,0.001389330359385788,11.44210709911689,6.497734024806202,298.02212,1.1427682830784558,68.31602997750298,16.334016933333434,75.0,80.0,0.0,7.9711,1.2568361391709735,0.00017388028732778793,0.7104723328952041,0.011542929507515733,0.13750468598076,0.14390617506480696,33.73621640969027,12.181013920961552,0.0,0.0,0.0,0.6372114353441356
84.5,28.990721174241727,0.0013923343354191834,11.385734531176608,6.503801244558058,297.98033133246525,1.1691695044534203,56.32552794787884,61.53348361271001,75.0,80.0,0.0,7.836749999999999,1.2667833858260031,0.00015050474713721327,0.7564768192758475,0.0077985779481982214,0.06809354521635792,0.11935801345968448,19.611894648019934,25.555005548659402,0.0,0.0,0.0,0.3707478916550526
85.0,29.12273850729441,0.0013469051464530806,11.492285214535421,6.495342139030957,297.94027786084524,1.1408002994547954,69.03389907503832,35.28369349279693,75.0,80.0,0.0,8.0581,1.2745180116064367,0.00014815249010447992,0.7203771668655506,0.018626694104135835,0.04308353753687788,0.09763741988677625,33.46260532429966,35.157249063033596,0.0,0.0,0.0,0.3014224388904494
85.5,29.255930608905206,0.0013808875190266755,11.360778964828105,6.496025095950128,297.94063412683823,1.1755171311261108,71.43768455012547,27.514050002883774,73.33333333333333,80.0,0.0,8.157766666666667,1.2625579635767665,0.0001399916117033972,0.5185845690332483,0.011282195728098457,0.028312022802519304,0.06908757817091365,63.343540677859146,17.89002438492347,3.7267799624996503,0.0,0.0,0.8614880511198181
86.0,29.39029019047619,0.0014403353881278537,11.31327863888889,6.515222447107344,298.01243066666666,1.172256481896299,65.73392270563129,18.772374437766178,73.33333333333333,80.0,0.0,8.199766666666667,1.2535780618104972,0.000106533877418658,0.5516716186870755,0.017063638207011175,0.13048931259770227,0.09214811118103336,40.495835923030356,14.681632540373949,3.7267799624996503,0.0,0.0,1.4347180555387489
86.5,29.52637691919773,0.0014166539935060972,11.330631548853688,6.49587484954295,297.9385326145833,1.182716037807303,67.07257020665361,38.695504437225615,73.33333333333333,80.0,0.0,8.329516666666665,1.2415083881061446,0.00016147574594797972,0.5857477557262176,0.007682318443805041,0.06785973350481739,0.09372044516947414,20.74995675150596,31.361913932558508,3.7267799624996503,0.0,0.0,1.0421496812145343
87.0,29.647067226887568,0.0013729997830284398,11.384807161342687,6.503183975918266,297.96823857758625,1.183117151589455,60.00490125974864,40.16574127006786,71.66666666666667,80.0,0.0,8.061233333333332,1.2278770835142143,0.000188354538300249,0.519170857875323,0.010542504171226976,0.064763555270659,0.07578825333443691,33.523227565479694,23.329860652527938,4.714045207910317,0.0,0.0,0.6648262747181067
87.5,29.738597004483143,0.0013547420445755238,11.492158924558867,6.505165329035236,298.0413506944445,1.168567646649868,67.05976055906636,34.536529912618846,66.66666666666667,80.0,0.0,7.059799999999999,1.2157653939353839,0.00014440401808415271,0.4980173968797524,0.007077060181882825,0.08004933050881778,0.07736944514602043,34.20135183391415,24.008131630890954,3.7267799624996503,0.0,0.0,0.6967035165692795
88.0,29.82749225806452,0.001353889285344999,11.496620956862747,6.497196274509805,297.91028,1.1760641929078013,61.584946356477836,50.56551902959637,66.66666666666667,80.0,0.0,6.7414,1.2051361946763703,0.00016982230226595605,0.4867293619136733,0.003919897805830076,0.03283278848957401,0.07288816136710305,31.96930936244758,30.72847086176929,3.7267799624996503,0.0,0.0,1.1491633289775072
88.5,29.913025753953207,0.001356100779653191,11.552650923769406,6.5012424859266735,298.00997947916665,1.167776119708951,68.44406277453787,23.337898984879928,66.66666666666667,80.0,0.0,7.096483333333334,1.1949893438990224,0.0001322661648340012,0.4991227008385177,0.00714947253360256,0.07234052077401286,0.03517185262358996,34.280674747872304,16.758596781011637,3.7267799624996503,0.0,0.0,1.1736130273883105
89.0,29.99456091285096,0.0013440063788048011,11.544403178739595,6.506658790566429,297.9442129713455,1.1919256319988345,60.529878744478005,50.3937307809371,66.66666666666667,80.0,0.0,7.324783333333333,1.185050488754649,0.00012418528091064847,0.5211031215374412,0.010708662247044871,0.07304358422403731,0.0331915591748377,27.683470330658885,30.94663373690906,3.7267799624996503,0.0,0.0,0.9903761733413329
89.5,30.07689212991528,0.0013470989838630456,11.548011678367923,6.502219945253014,297.9584897395833,1.2057058434582582,57.94432116185823,26.338667188614412,66.66666666666667,80.0,0.0,7.258783333333333,1.1741115415121148,0.00010995841100374457,0.47649626505483733,0.016569637840988645,0.054453976909427534,0.03843901180227653,23.058461332404896,12.7058638432684,3.7267799624996503,0.0,0.0,0.983493650914376
90.0,30.160113511904765,0.0014247382761495462,11.535693398362149,6.4987245468766845,297.9555158730159,1.2048440349791019,56.384749992142616,27.38884333333333,66.66666666666667,80.0,0.0,7.154166666666666,1.169083116427245,0.00021520233489717204,0.4469645886794345,0.013722421880997038,0.07115083791460897,0.035902484630274824,42.67389502990234,21.829213778098424,3.7267799624996503,0.0,0.0,1.0292649669653688
90.5,30.24296080497459,0.0014329442240566346,11.53262456360145,6.496023493631405,297.92880923040025,1.2091108907268953,50.41579628160233,43.75908213269085,66.66666666666667,80.0,0.0,7.169383333333333,1.1549565615719923,0.0002540569576516339,0.505439886251196,0.01215908632156829,0.013531726606695368,0.05424463134624119,15.884681521844785,35.814580622585844,3.7267799624996503,0.0,0.0,1.0834047326471405
91.0,30.320374101326866,0.0014078629471686681,11.638512557361528,6.505241780448202,297.95699875,1.1952343169001878,67.24004333142092,23.246681270173315,66.66666666666667,80.0,0.0,7.2132,1.1373582741264245,0.00022544658385114963,0.46409054018953483,0.012671151828938014,0.049307897519688414,0.06094439531363661,35.293351031785434,14.118256463829823,3.7267799624996503,0.0,0.0,1.2970336156013846
91.5,30.39694624656735,0.00149651474835554,11.501331227257575,6.517651957202157,297.9591425430254,1.2124991578869355,39.48997185964917,49.22830449387059,66.66666666666667,80.0,0.08603833333333333,7.084366666666667,1.1245665446973625,0.00019133690164311465,0.5544233917111299,0.034407821187787964,0.06754874349229827,0.07016609020849669,21.694556242389528,41.37907099997247,3.7267799624996503,0.0,0.1923875620041194,1.318121549360638
92.0,30.48231248,0.0016180486666666667,11.522269333333334,6.486608851624305,297.99197333333336,1.156422866350711,45.0912675218608,43.74702678739097,66.66666666666667,80.0,0.0,7.3035,1.1036350301581064,0.00016306171176037076,0.5108823818018734,0.01923154826448019,0.1389599590609635,0.08561672610578797,20.421899028494444,28.52554888716591,3.7267799624996503,0.0,0.0,1.1180231124623496
92.5,30.55604431228798,0.0015467816946492842,11.644477626030648,6.491913311690119,298.0367665608724,1.1278399777446941,60.8998696150835,55.043567445769696,66.66666666666667,80.0,0.0,7.008466666666667,1.089895391524734,0.0001641880190368123,0.44228527164124926,0.014780806834619452,0.04660391296370128,0.0842115729686558,22.756057637914868,44.167463943488386,3.7267799624996503,0.0,0.0,1.129098806816992
93.0,30.61969675996377,0.0015410016994823212,11.636667101588758,6.508744631662707,297.9379023115773,1.1463238396894317,58.205089033861725,45.42728230893815,66.66666666666667,80.0,0.0,6.452083333333333,1.073542203336805,0.00016528541850356323,0.49937801516923214,0.0097869650380725,0.06271079324766425,0.07460522300509881,25.12212340963786,30.075519017494067,3.7267799624996503,0.0,0.0,1.2956037529747366
93.5,30.68360448077446,0.0014906352014500827,11.688779409150643,6.5006900909528085,297.96948859375,1.1555890121828527,61.36403975102572,55.10827406655192,66.66666666666667,80.0,0.0,6.533633333333333,1.0582794053562627,0.00019705743679815233,0.5046069840536022,0.00734363845451748,0.0681297129566368,0.07698453754020947,15.707027100919865,26.568475424250376,3.7267799624996503,0.0,0.0,1.2567017820027502
94.0,30.7397881875,0.0014475385028903283,11.694401499999998,6.501043488925106,298.00085333333334,1.177908485375494,55.741566437755274,25.098700770221594,66.66666666666667,80.0,0.0,6.5993666666666675,1.0445269124553511,0.0001615526501499421,0.4838002159560981,0.013456710239536164,0.09957061592436099,0.0673817126913925,23.480539271535385,14.11261752363588,3.7267799624996503,0.0,0.0,1.1847109783496659
94.5,30.796656872916667,0.0014745497957462834,11.702240065138795,6.502887852693721,297.95223290490594,1.1889537455514336,57.610255454338265,49.616039002081656,66.66666666666667,80.0,0.0,6.614550000000001,1.0308777862462262,0.00016926427431237368,0.5168335818818683,0.014957077526152777,0.05209685875160963,0.07133327128978752,8.223518669556164,24.008073765543138,3.7267799624996503,0.0,0.0,1.0983857227009708
95.0,30.8512950473138,0.0014645998881793853,11.718254801596068,6.498491004096728,297.9420982142857,1.2126576247490701,59.670286764906386,28.58087920020921,66.66666666666667,80.0,0.0,6.610116666666666,1.0177797589385749,0.00013209395434963633,0.47774301613324516,0.01561020128890786,0.05304688634935061,0.07251477502013631,17.29424271062269,32.47410705396693,3.7267799624996503,0.0,0.0,1.0908289071720743
95.5,30.903361769729752,0.0014887039807481015,11.668649752390612,6.499480735941443,297.9626659235791,1.2359657055871665,47.6422221141495,42.50869952658517,66.66666666666667,80.0,0.0,6.539516666666667,1.0049717779936878,7.242997644092887e-05,0.5074096505858678,0.011135082656525578,0.09351875152184165,0.08618842245980726,25.183007878779023,41.808131260556735,3.7267799624996503,0.0,0.0,1.1054518886209181
96.0,30.95425671111111,0.001514341080803053,11.742482666666666,6.503099342032084,297.96406666666667,1.221715167816092,64.49128354507259,48.67749013333458,66.66666666666667,80.0,0.0,6.5630999999999995,0.9971291762035166,0.00010355049221272787,0.46819340679775573,0.009006053187829419,0.0673895804672737,0.08543520598697794,16.086058494621643,32.2082783482107,3.7267799624996503,0.0,0.0,1.025183154368038
96.5,31.001437913218727,0.001480333491898103,11.770345523911928,6.5003850908095515,298.0538319130067,1.2259794195532632,61.87177313487356,45.892796437500294,66.66666666666667,80.0,0.0,6.41525,0.9923791728420801,6.660505988849723e-05,0.5168338900910439,0.009330495658800187,0.13623687501612522,0.0780021956877284,14.64044572484007,33.317261902671326,3.7267799624996503,0.0,0.0,0.9032808436472016
97.0,31.044100524893164,0.001490584314545456,11.786527554370629,6.503619644168626,297.9654735549259,1.2350252941626307,61.28713830557846,46.188511503695196,66.66666666666667,80.0,0.0,6.318966666666667,0.9899027729667869,8.657907773804492e-05,0.507072366877765,0.009762008724672429,0.08740254157688068,0.09567367225831357,11.513804737879932,31.823710609390105,3.7267799624996503,0.0,0.0,0.9203927688160577
97.5,31.08512293950624,0.0014536532544365188,11.797090675588839,6.49846747942421,298.010174365942,1.2514637662553785,55.45837940395618,50.16441682868111,66.66666666666667,80.0,0.0,6.329533333333334,0.9876726286173082,0.00010544142977965676,0.5141009374414967,0.004936289960869379,0.05458246115692082,0.09214162944209851,11.135146639346084,32.361705579492835,3.7267799624996503,0.0,0.0,0.983845126136336
98.0,31.123376713675214,0.001517357317323104,11.808410840981011,6.507974684991656,298.05466666666666,1.2514547416991375,60.16390636921765,41.569156666668476,66.66666666666667,80.0,0.0,6.339533333333333,0.9834375067634596,0.00013457117261483662,0.5099528257812014,0.017884055488801294,0.14817969571510875,0.1107686566646636,11.028398914629756,25.6286709208274,3.7267799624996503,0.0,0.0,0.9538322977453753
98.5,31.16674451156135,0.0015803127519648805,11.765579843297237,6.4957539060303455,298.01185378270355,1.2579229519020283,49.73033992390649,62.98087306645973,66.66666666666667,80.0,0.0,6.468183333333333,0.9849282124622126,0.00016223056531110478,0.4774430455985373,0.016568626437810378,0.06419007006339976,0.10537108714830781,19.36098524285417,49.488700408643496,3.7267799624996503,0.0,0.0,0.9674889308870095
99.0,31.204754569444447,0.0015856090390317624,11.854132995300185,6.4994148347294205,298.0016272815861,1.2344322431881563,64.47499710856074,47.54499003068196,66.66666666666667,80.0,0.0,6.428083333333333,0.9878416334166856,0.00022680086520190912,0.4753655763593571,0.008643417999817115,0.10250444992834347,0.0943768787418258,9.288652767127806,35.075792375785426,3.7267799624996503,0.0,0.0,0.9257947350189939
99.5,31.236426136363637,0.0015241173800592592,11.889902923532313,6.504087751044839,298.00647736341847,1.2345600466415592,60.57951481891187,31.875091326313548,66.66666666666667,80.0,0.0,6.133533333333333,0.9965409478296895,0.00025696897761709144,0.5366444607279158,0.007067979602059869,0.08394058789384788,0.11822265257537627,12.548287770854804,35.381138775927965,3.7267799624996503,0.0,0.0,1.1487108116879936
100.0,31.269333333333332,0.0015715333333333333,11.859833333333333,6.496533333333333,297.9216666666666,1.2452333333333334,53.78466666666666,49.115999999999985,66.66666666666667,80.0,0.0,6.111833333333334,1.004428306163372,0.00026006462444724945,0.5517394967031289,0.0064559189035246585,0.052730973398515214,0.1233344459409275,25.24907488514293,23.38569368937627,3.7267799624996503,0.0,0.0,1.137967567883881
